-- MySQL dump 10.13  Distrib 8.0.17, for Win64 (x86_64)
--
-- Host: localhost    Database: payrollsystem
-- ------------------------------------------------------
-- Server version	8.0.17

/*!40101 SET @OLD_CHARACTER_SET_CLIENT=@@CHARACTER_SET_CLIENT */;
/*!40101 SET @OLD_CHARACTER_SET_RESULTS=@@CHARACTER_SET_RESULTS */;
/*!40101 SET @OLD_COLLATION_CONNECTION=@@COLLATION_CONNECTION */;
/*!50503 SET NAMES utf8 */;
/*!40103 SET @OLD_TIME_ZONE=@@TIME_ZONE */;
/*!40103 SET TIME_ZONE='+00:00' */;
/*!40014 SET @OLD_UNIQUE_CHECKS=@@UNIQUE_CHECKS, UNIQUE_CHECKS=0 */;
/*!40014 SET @OLD_FOREIGN_KEY_CHECKS=@@FOREIGN_KEY_CHECKS, FOREIGN_KEY_CHECKS=0 */;
/*!40101 SET @OLD_SQL_MODE=@@SQL_MODE, SQL_MODE='NO_AUTO_VALUE_ON_ZERO' */;
/*!40111 SET @OLD_SQL_NOTES=@@SQL_NOTES, SQL_NOTES=0 */;

--
-- Table structure for table `deducation_sheet`
--

DROP TABLE IF EXISTS `deducation_sheet`;
/*!40101 SET @saved_cs_client     = @@character_set_client */;
/*!50503 SET character_set_client = utf8mb4 */;
CREATE TABLE `deducation_sheet` (
  `code` int(11) NOT NULL AUTO_INCREMENT,
  `month` int(11) NOT NULL,
  `year` int(11) NOT NULL,
  `code_post` int(11) NOT NULL,
  `personal_number` int(11) NOT NULL,
  `code_deducation` int(11) NOT NULL,
  `sum_deducation` double NOT NULL,
  PRIMARY KEY (`code`),
  KEY `code_post_idx` (`code_post`),
  KEY `code_deducation_idx` (`code_deducation`),
  KEY `personal_number_ded_idx` (`personal_number`),
  CONSTRAINT `code_ded` FOREIGN KEY (`code_deducation`) REFERENCES `reference_book_of_payroll_and_deductions` (`code`) ON DELETE CASCADE ON UPDATE CASCADE,
  CONSTRAINT `code_post_ded` FOREIGN KEY (`code_post`) REFERENCES `personal_account` (`post_code`) ON DELETE CASCADE ON UPDATE CASCADE,
  CONSTRAINT `personal_number_ded` FOREIGN KEY (`personal_number`) REFERENCES `personal_account` (`personal_number`) ON DELETE CASCADE ON UPDATE CASCADE
) ENGINE=InnoDB AUTO_INCREMENT=44 DEFAULT CHARSET=utf8mb4 COLLATE=utf8mb4_0900_ai_ci;
/*!40101 SET character_set_client = @saved_cs_client */;

--
-- Dumping data for table `deducation_sheet`
--

LOCK TABLES `deducation_sheet` WRITE;
/*!40000 ALTER TABLE `deducation_sheet` DISABLE KEYS */;
INSERT INTO `deducation_sheet` VALUES (15,1,2019,5,1,1,14.85),(16,2,2019,5,1,1,17.82),(17,3,2019,5,1,1,17.07),(18,4,2019,5,1,1,16.27),(19,5,2019,5,1,1,17.1),(20,6,2019,5,1,1,17.82),(21,7,2019,5,1,1,17.82),(22,8,2019,5,1,1,17.07),(23,9,2019,5,1,1,17.82),(25,11,2019,5,1,1,17.82),(26,9,2019,5,2,1,13.5),(28,11,2019,5,2,1,13.5),(36,10,2019,5,2,1,11.73),(37,10,2019,1,1,1,17.82),(38,12,2019,1,1,5,32.54),(39,12,2019,1,1,4,157.28),(40,12,2019,1,1,1,16.27),(43,12,2018,5,2,1,13.5);
/*!40000 ALTER TABLE `deducation_sheet` ENABLE KEYS */;
UNLOCK TABLES;
/*!40103 SET TIME_ZONE=@OLD_TIME_ZONE */;

/*!40101 SET SQL_MODE=@OLD_SQL_MODE */;
/*!40014 SET FOREIGN_KEY_CHECKS=@OLD_FOREIGN_KEY_CHECKS */;
/*!40014 SET UNIQUE_CHECKS=@OLD_UNIQUE_CHECKS */;
/*!40101 SET CHARACTER_SET_CLIENT=@OLD_CHARACTER_SET_CLIENT */;
/*!40101 SET CHARACTER_SET_RESULTS=@OLD_CHARACTER_SET_RESULTS */;
/*!40101 SET COLLATION_CONNECTION=@OLD_COLLATION_CONNECTION */;
/*!40111 SET SQL_NOTES=@OLD_SQL_NOTES */;

-- Dump completed on 2019-12-08 23:59:50

-- MySQL dump 10.13  Distrib 8.0.17, for Win64 (x86_64)
--
-- Host: localhost    Database: payrollsystem
-- ------------------------------------------------------
-- Server version	8.0.17

/*!40101 SET @OLD_CHARACTER_SET_CLIENT=@@CHARACTER_SET_CLIENT */;
/*!40101 SET @OLD_CHARACTER_SET_RESULTS=@@CHARACTER_SET_RESULTS */;
/*!40101 SET @OLD_COLLATION_CONNECTION=@@COLLATION_CONNECTION */;
/*!50503 SET NAMES utf8 */;
/*!40103 SET @OLD_TIME_ZONE=@@TIME_ZONE */;
/*!40103 SET TIME_ZONE='+00:00' */;
/*!40014 SET @OLD_UNIQUE_CHECKS=@@UNIQUE_CHECKS, UNIQUE_CHECKS=0 */;
/*!40014 SET @OLD_FOREIGN_KEY_CHECKS=@@FOREIGN_KEY_CHECKS, FOREIGN_KEY_CHECKS=0 */;
/*!40101 SET @OLD_SQL_MODE=@@SQL_MODE, SQL_MODE='NO_AUTO_VALUE_ON_ZERO' */;
/*!40111 SET @OLD_SQL_NOTES=@@SQL_NOTES, SQL_NOTES=0 */;

--
-- Table structure for table `organization_structure`
--

DROP TABLE IF EXISTS `organization_structure`;
/*!40101 SET @saved_cs_client     = @@character_set_client */;
/*!50503 SET character_set_client = utf8mb4 */;
CREATE TABLE `organization_structure` (
  `code_post` int(11) NOT NULL AUTO_INCREMENT,
  `department` varchar(100) NOT NULL,
  `post` varchar(100) NOT NULL,
  `salary` double NOT NULL,
  PRIMARY KEY (`code_post`),
  UNIQUE KEY `code_post_UNIQUE` (`code_post`)
) ENGINE=InnoDB AUTO_INCREMENT=14 DEFAULT CHARSET=utf8mb4 COLLATE=utf8mb4_0900_ai_ci;
/*!40101 SET character_set_client = @saved_cs_client */;

--
-- Dumping data for table `organization_structure`
--

LOCK TABLES `organization_structure` WRITE;
/*!40000 ALTER TABLE `organization_structure` DISABLE KEYS */;
INSERT INTO `organization_structure` VALUES (1,'ФИТУ','Логистика',540),(2,'ИЭФ','Экономика',400),(4,'КСИС','Программирование',700),(5,'ИЭФ','Менеджмент',450),(6,'КСИС','Инженерия',400),(13,'КСИС','Аналитика',1000);
/*!40000 ALTER TABLE `organization_structure` ENABLE KEYS */;
UNLOCK TABLES;
/*!40103 SET TIME_ZONE=@OLD_TIME_ZONE */;

/*!40101 SET SQL_MODE=@OLD_SQL_MODE */;
/*!40014 SET FOREIGN_KEY_CHECKS=@OLD_FOREIGN_KEY_CHECKS */;
/*!40014 SET UNIQUE_CHECKS=@OLD_UNIQUE_CHECKS */;
/*!40101 SET CHARACTER_SET_CLIENT=@OLD_CHARACTER_SET_CLIENT */;
/*!40101 SET CHARACTER_SET_RESULTS=@OLD_CHARACTER_SET_RESULTS */;
/*!40101 SET COLLATION_CONNECTION=@OLD_COLLATION_CONNECTION */;
/*!40111 SET SQL_NOTES=@OLD_SQL_NOTES */;

-- Dump completed on 2019-12-08 23:59:50

-- MySQL dump 10.13  Distrib 8.0.17, for Win64 (x86_64)
--
-- Host: localhost    Database: payrollsystem
-- ------------------------------------------------------
-- Server version	8.0.17

/*!40101 SET @OLD_CHARACTER_SET_CLIENT=@@CHARACTER_SET_CLIENT */;
/*!40101 SET @OLD_CHARACTER_SET_RESULTS=@@CHARACTER_SET_RESULTS */;
/*!40101 SET @OLD_COLLATION_CONNECTION=@@COLLATION_CONNECTION */;
/*!50503 SET NAMES utf8 */;
/*!40103 SET @OLD_TIME_ZONE=@@TIME_ZONE */;
/*!40103 SET TIME_ZONE='+00:00' */;
/*!40014 SET @OLD_UNIQUE_CHECKS=@@UNIQUE_CHECKS, UNIQUE_CHECKS=0 */;
/*!40014 SET @OLD_FOREIGN_KEY_CHECKS=@@FOREIGN_KEY_CHECKS, FOREIGN_KEY_CHECKS=0 */;
/*!40101 SET @OLD_SQL_MODE=@@SQL_MODE, SQL_MODE='NO_AUTO_VALUE_ON_ZERO' */;
/*!40111 SET @OLD_SQL_NOTES=@@SQL_NOTES, SQL_NOTES=0 */;

--
-- Table structure for table `payroll_sheet`
--

DROP TABLE IF EXISTS `payroll_sheet`;
/*!40101 SET @saved_cs_client     = @@character_set_client */;
/*!50503 SET character_set_client = utf8mb4 */;
CREATE TABLE `payroll_sheet` (
  `code` int(11) NOT NULL AUTO_INCREMENT,
  `month` int(11) NOT NULL,
  `year` int(11) NOT NULL,
  `code_post` int(11) NOT NULL,
  `personal_number` int(11) NOT NULL,
  `code_charges` int(11) NOT NULL,
  `sum_charges` double NOT NULL,
  PRIMARY KEY (`code`),
  KEY `code_charge_idx` (`code_charges`),
  KEY `personal_number_charg_idx` (`personal_number`),
  KEY `code_post_charg_idx` (`code_post`),
  CONSTRAINT `code_charges` FOREIGN KEY (`code_charges`) REFERENCES `reference_book_of_payroll_and_deductions` (`code`) ON DELETE CASCADE ON UPDATE CASCADE,
  CONSTRAINT `code_post_charg` FOREIGN KEY (`code_post`) REFERENCES `personal_account` (`post_code`) ON DELETE CASCADE ON UPDATE CASCADE,
  CONSTRAINT `personal_number_charg` FOREIGN KEY (`personal_number`) REFERENCES `personal_account` (`personal_number`) ON DELETE CASCADE ON UPDATE CASCADE
) ENGINE=InnoDB AUTO_INCREMENT=67 DEFAULT CHARSET=utf8mb4 COLLATE=utf8mb4_0900_ai_ci;
/*!40101 SET character_set_client = @saved_cs_client */;

--
-- Dumping data for table `payroll_sheet`
--

LOCK TABLES `payroll_sheet` WRITE;
/*!40000 ALTER TABLE `payroll_sheet` DISABLE KEYS */;
INSERT INTO `payroll_sheet` VALUES (19,1,2019,5,1,3,495),(20,1,2019,5,1,2,20),(21,2,2019,5,1,3,594),(22,2,2019,5,1,2,40),(23,3,2019,5,1,3,569.25),(24,4,2019,5,1,3,542.34),(25,5,2019,5,1,3,570.24),(26,5,2019,5,1,2,50),(27,6,2019,5,1,3,594),(28,6,2019,5,1,2,30),(29,7,2019,5,1,3,594),(30,7,2019,5,1,2,50),(31,8,2019,5,1,3,569.25),(32,8,2019,5,1,2,40),(33,9,2019,5,1,3,594),(34,9,2019,5,1,2,50),(37,11,2019,5,1,3,594),(38,11,2019,5,1,2,80),(39,9,2019,5,2,3,450),(40,9,2019,5,2,2,70),(43,11,2019,5,2,3,450),(44,11,2019,5,2,2,80),(55,10,2019,5,2,3,410.86),(56,10,2019,5,2,2,200),(57,10,2019,1,1,3,594),(58,10,2019,1,1,2,100),(59,12,2019,1,1,3,542.34),(60,12,2019,1,1,2,100),(65,12,2018,5,2,3,450),(66,12,2018,5,2,2,170);
/*!40000 ALTER TABLE `payroll_sheet` ENABLE KEYS */;
UNLOCK TABLES;
/*!40103 SET TIME_ZONE=@OLD_TIME_ZONE */;

/*!40101 SET SQL_MODE=@OLD_SQL_MODE */;
/*!40014 SET FOREIGN_KEY_CHECKS=@OLD_FOREIGN_KEY_CHECKS */;
/*!40014 SET UNIQUE_CHECKS=@OLD_UNIQUE_CHECKS */;
/*!40101 SET CHARACTER_SET_CLIENT=@OLD_CHARACTER_SET_CLIENT */;
/*!40101 SET CHARACTER_SET_RESULTS=@OLD_CHARACTER_SET_RESULTS */;
/*!40101 SET COLLATION_CONNECTION=@OLD_COLLATION_CONNECTION */;
/*!40111 SET SQL_NOTES=@OLD_SQL_NOTES */;

-- Dump completed on 2019-12-08 23:59:51

-- MySQL dump 10.13  Distrib 8.0.17, for Win64 (x86_64)
--
-- Host: localhost    Database: payrollsystem
-- ------------------------------------------------------
-- Server version	8.0.17

/*!40101 SET @OLD_CHARACTER_SET_CLIENT=@@CHARACTER_SET_CLIENT */;
/*!40101 SET @OLD_CHARACTER_SET_RESULTS=@@CHARACTER_SET_RESULTS */;
/*!40101 SET @OLD_COLLATION_CONNECTION=@@COLLATION_CONNECTION */;
/*!50503 SET NAMES utf8 */;
/*!40103 SET @OLD_TIME_ZONE=@@TIME_ZONE */;
/*!40103 SET TIME_ZONE='+00:00' */;
/*!40014 SET @OLD_UNIQUE_CHECKS=@@UNIQUE_CHECKS, UNIQUE_CHECKS=0 */;
/*!40014 SET @OLD_FOREIGN_KEY_CHECKS=@@FOREIGN_KEY_CHECKS, FOREIGN_KEY_CHECKS=0 */;
/*!40101 SET @OLD_SQL_MODE=@@SQL_MODE, SQL_MODE='NO_AUTO_VALUE_ON_ZERO' */;
/*!40111 SET @OLD_SQL_NOTES=@@SQL_NOTES, SQL_NOTES=0 */;

--
-- Table structure for table `personal_account`
--

DROP TABLE IF EXISTS `personal_account`;
/*!40101 SET @saved_cs_client     = @@character_set_client */;
/*!50503 SET character_set_client = utf8mb4 */;
CREATE TABLE `personal_account` (
  `personal_number` int(11) NOT NULL AUTO_INCREMENT,
  `surname` varchar(45) NOT NULL,
  `name` varchar(45) NOT NULL,
  `patronymic` varchar(45) NOT NULL,
  `birthday` date NOT NULL,
  `post_code` int(11) NOT NULL,
  `rate` double NOT NULL,
  `bank_account` varchar(45) NOT NULL,
  `mob_phone` varchar(45) DEFAULT NULL,
  `mail` varchar(45) DEFAULT NULL,
  `address` varchar(45) DEFAULT NULL,
  PRIMARY KEY (`personal_number`),
  KEY `post_code_idx` (`post_code`),
  CONSTRAINT `post_code` FOREIGN KEY (`post_code`) REFERENCES `organization_structure` (`code_post`)
) ENGINE=InnoDB AUTO_INCREMENT=6 DEFAULT CHARSET=utf8mb4 COLLATE=utf8mb4_0900_ai_ci;
/*!40101 SET character_set_client = @saved_cs_client */;

--
-- Dumping data for table `personal_account`
--

LOCK TABLES `personal_account` WRITE;
/*!40000 ALTER TABLE `personal_account` DISABLE KEYS */;
INSERT INTO `personal_account` VALUES (1,'Городецкая','Ариана','Михайловна','1999-12-29',1,1.1,'89890897','','arianagorodec@gmail.com',''),(2,'Маркевич','Маргарита','Александровна','2000-03-21',5,1,'987654321','+375336896080','',''),(3,'Головейко','Дарья','Валентиновна','2000-06-30',4,0.75,'55663489','+375(29)793-13-32','','ул. 40 Лет Победы,33'),(5,'Петров','Иван','Федорович','1982-12-16',2,1,'456767867','','','');
/*!40000 ALTER TABLE `personal_account` ENABLE KEYS */;
UNLOCK TABLES;
/*!40103 SET TIME_ZONE=@OLD_TIME_ZONE */;

/*!40101 SET SQL_MODE=@OLD_SQL_MODE */;
/*!40014 SET FOREIGN_KEY_CHECKS=@OLD_FOREIGN_KEY_CHECKS */;
/*!40014 SET UNIQUE_CHECKS=@OLD_UNIQUE_CHECKS */;
/*!40101 SET CHARACTER_SET_CLIENT=@OLD_CHARACTER_SET_CLIENT */;
/*!40101 SET CHARACTER_SET_RESULTS=@OLD_CHARACTER_SET_RESULTS */;
/*!40101 SET COLLATION_CONNECTION=@OLD_COLLATION_CONNECTION */;
/*!40111 SET SQL_NOTES=@OLD_SQL_NOTES */;

-- Dump completed on 2019-12-08 23:59:51

-- MySQL dump 10.13  Distrib 8.0.17, for Win64 (x86_64)
--
-- Host: localhost    Database: payrollsystem
-- ------------------------------------------------------
-- Server version	8.0.17

/*!40101 SET @OLD_CHARACTER_SET_CLIENT=@@CHARACTER_SET_CLIENT */;
/*!40101 SET @OLD_CHARACTER_SET_RESULTS=@@CHARACTER_SET_RESULTS */;
/*!40101 SET @OLD_COLLATION_CONNECTION=@@COLLATION_CONNECTION */;
/*!50503 SET NAMES utf8 */;
/*!40103 SET @OLD_TIME_ZONE=@@TIME_ZONE */;
/*!40103 SET TIME_ZONE='+00:00' */;
/*!40014 SET @OLD_UNIQUE_CHECKS=@@UNIQUE_CHECKS, UNIQUE_CHECKS=0 */;
/*!40014 SET @OLD_FOREIGN_KEY_CHECKS=@@FOREIGN_KEY_CHECKS, FOREIGN_KEY_CHECKS=0 */;
/*!40101 SET @OLD_SQL_MODE=@@SQL_MODE, SQL_MODE='NO_AUTO_VALUE_ON_ZERO' */;
/*!40111 SET @OLD_SQL_NOTES=@@SQL_NOTES, SQL_NOTES=0 */;

--
-- Table structure for table `reference_book_of_payroll_and_deductions`
--

DROP TABLE IF EXISTS `reference_book_of_payroll_and_deductions`;
/*!40101 SET @saved_cs_client     = @@character_set_client */;
/*!50503 SET character_set_client = utf8mb4 */;
CREATE TABLE `reference_book_of_payroll_and_deductions` (
  `code` int(11) NOT NULL AUTO_INCREMENT,
  `name` varchar(100) NOT NULL,
  `percent` double DEFAULT NULL,
  `type` varchar(45) NOT NULL,
  PRIMARY KEY (`code`),
  UNIQUE KEY `name_UNIQUE` (`name`),
  UNIQUE KEY `code_UNIQUE` (`code`)
) ENGINE=InnoDB AUTO_INCREMENT=9 DEFAULT CHARSET=utf8mb4 COLLATE=utf8mb4_0900_ai_ci;
/*!40101 SET character_set_client = @saved_cs_client */;

--
-- Dumping data for table `reference_book_of_payroll_and_deductions`
--

LOCK TABLES `reference_book_of_payroll_and_deductions` WRITE;
/*!40000 ALTER TABLE `reference_book_of_payroll_and_deductions` DISABLE KEYS */;
INSERT INTO `reference_book_of_payroll_and_deductions` VALUES (1,'подоходный налог',3,'d'),(2,'высокий ср.балл',NULL,'c'),(3,'стандартная стипендия',NULL,'c'),(4,'за общежитие',29,'d'),(5,'за отработки',6,'d'),(6,'как старосте',NULL,'c'),(7,'участие в соревнованиях',NULL,'c'),(8,'другие издержки',NULL,'d');
/*!40000 ALTER TABLE `reference_book_of_payroll_and_deductions` ENABLE KEYS */;
UNLOCK TABLES;
/*!40103 SET TIME_ZONE=@OLD_TIME_ZONE */;

/*!40101 SET SQL_MODE=@OLD_SQL_MODE */;
/*!40014 SET FOREIGN_KEY_CHECKS=@OLD_FOREIGN_KEY_CHECKS */;
/*!40014 SET UNIQUE_CHECKS=@OLD_UNIQUE_CHECKS */;
/*!40101 SET CHARACTER_SET_CLIENT=@OLD_CHARACTER_SET_CLIENT */;
/*!40101 SET CHARACTER_SET_RESULTS=@OLD_CHARACTER_SET_RESULTS */;
/*!40101 SET COLLATION_CONNECTION=@OLD_COLLATION_CONNECTION */;
/*!40111 SET SQL_NOTES=@OLD_SQL_NOTES */;

-- Dump completed on 2019-12-08 23:59:52

-- MySQL dump 10.13  Distrib 8.0.17, for Win64 (x86_64)
--
-- Host: localhost    Database: payrollsystem
-- ------------------------------------------------------
-- Server version	8.0.17

/*!40101 SET @OLD_CHARACTER_SET_CLIENT=@@CHARACTER_SET_CLIENT */;
/*!40101 SET @OLD_CHARACTER_SET_RESULTS=@@CHARACTER_SET_RESULTS */;
/*!40101 SET @OLD_COLLATION_CONNECTION=@@COLLATION_CONNECTION */;
/*!50503 SET NAMES utf8 */;
/*!40103 SET @OLD_TIME_ZONE=@@TIME_ZONE */;
/*!40103 SET TIME_ZONE='+00:00' */;
/*!40014 SET @OLD_UNIQUE_CHECKS=@@UNIQUE_CHECKS, UNIQUE_CHECKS=0 */;
/*!40014 SET @OLD_FOREIGN_KEY_CHECKS=@@FOREIGN_KEY_CHECKS, FOREIGN_KEY_CHECKS=0 */;
/*!40101 SET @OLD_SQL_MODE=@@SQL_MODE, SQL_MODE='NO_AUTO_VALUE_ON_ZERO' */;
/*!40111 SET @OLD_SQL_NOTES=@@SQL_NOTES, SQL_NOTES=0 */;

--
-- Dumping events for database 'payrollsystem'
--

--
-- Dumping routines for database 'payrollsystem'
--
/*!40103 SET TIME_ZONE=@OLD_TIME_ZONE */;

/*!40101 SET SQL_MODE=@OLD_SQL_MODE */;
/*!40014 SET FOREIGN_KEY_CHECKS=@OLD_FOREIGN_KEY_CHECKS */;
/*!40014 SET UNIQUE_CHECKS=@OLD_UNIQUE_CHECKS */;
/*!40101 SET CHARACTER_SET_CLIENT=@OLD_CHARACTER_SET_CLIENT */;
/*!40101 SET CHARACTER_SET_RESULTS=@OLD_CHARACTER_SET_RESULTS */;
/*!40101 SET COLLATION_CONNECTION=@OLD_COLLATION_CONNECTION */;
/*!40111 SET SQL_NOTES=@OLD_SQL_NOTES */;

-- Dump completed on 2019-12-08 23:59:52

-- MySQL dump 10.13  Distrib 8.0.17, for Win64 (x86_64)
--
-- Host: localhost    Database: payrollsystem
-- ------------------------------------------------------
-- Server version	8.0.17

/*!40101 SET @OLD_CHARACTER_SET_CLIENT=@@CHARACTER_SET_CLIENT */;
/*!40101 SET @OLD_CHARACTER_SET_RESULTS=@@CHARACTER_SET_RESULTS */;
/*!40101 SET @OLD_COLLATION_CONNECTION=@@COLLATION_CONNECTION */;
/*!50503 SET NAMES utf8 */;
/*!40103 SET @OLD_TIME_ZONE=@@TIME_ZONE */;
/*!40103 SET TIME_ZONE='+00:00' */;
/*!40014 SET @OLD_UNIQUE_CHECKS=@@UNIQUE_CHECKS, UNIQUE_CHECKS=0 */;
/*!40014 SET @OLD_FOREIGN_KEY_CHECKS=@@FOREIGN_KEY_CHECKS, FOREIGN_KEY_CHECKS=0 */;
/*!40101 SET @OLD_SQL_MODE=@@SQL_MODE, SQL_MODE='NO_AUTO_VALUE_ON_ZERO' */;
/*!40111 SET @OLD_SQL_NOTES=@@SQL_NOTES, SQL_NOTES=0 */;

--
-- Table structure for table `users`
--

DROP TABLE IF EXISTS `users`;
/*!40101 SET @saved_cs_client     = @@character_set_client */;
/*!50503 SET character_set_client = utf8mb4 */;
CREATE TABLE `users` (
  `idusers` int(11) NOT NULL,
  `login` varchar(45) NOT NULL,
  `password` varchar(45) NOT NULL,
  `access` int(11) NOT NULL,
  PRIMARY KEY (`idusers`),
  CONSTRAINT `id` FOREIGN KEY (`idusers`) REFERENCES `personal_account` (`personal_number`) ON DELETE CASCADE ON UPDATE CASCADE
) ENGINE=InnoDB DEFAULT CHARSET=utf8mb4 COLLATE=utf8mb4_0900_ai_ci;
/*!40101 SET character_set_client = @saved_cs_client */;

--
-- Dumping data for table `users`
--

LOCK TABLES `users` WRITE;
/*!40000 ALTER TABLE `users` DISABLE KEYS */;
INSERT INTO `users` VALUES (1,'ariana','ariana29',1),(2,'mar','mar',0),(3,'mar','123456',0);
/*!40000 ALTER TABLE `users` ENABLE KEYS */;
UNLOCK TABLES;
/*!40103 SET TIME_ZONE=@OLD_TIME_ZONE */;

/*!40101 SET SQL_MODE=@OLD_SQL_MODE */;
/*!40014 SET FOREIGN_KEY_CHECKS=@OLD_FOREIGN_KEY_CHECKS */;
/*!40014 SET UNIQUE_CHECKS=@OLD_UNIQUE_CHECKS */;
/*!40101 SET CHARACTER_SET_CLIENT=@OLD_CHARACTER_SET_CLIENT */;
/*!40101 SET CHARACTER_SET_RESULTS=@OLD_CHARACTER_SET_RESULTS */;
/*!40101 SET COLLATION_CONNECTION=@OLD_COLLATION_CONNECTION */;
/*!40111 SET SQL_NOTES=@OLD_SQL_NOTES */;

-- Dump completed on 2019-12-08 23:59:50

-- MySQL dump 10.13  Distrib 8.0.17, for Win64 (x86_64)
--
-- Host: localhost    Database: payrollsystem
-- ------------------------------------------------------
-- Server version	8.0.17

/*!40101 SET @OLD_CHARACTER_SET_CLIENT=@@CHARACTER_SET_CLIENT */;
/*!40101 SET @OLD_CHARACTER_SET_RESULTS=@@CHARACTER_SET_RESULTS */;
/*!40101 SET @OLD_COLLATION_CONNECTION=@@COLLATION_CONNECTION */;
/*!50503 SET NAMES utf8 */;
/*!40103 SET @OLD_TIME_ZONE=@@TIME_ZONE */;
/*!40103 SET TIME_ZONE='+00:00' */;
/*!40014 SET @OLD_UNIQUE_CHECKS=@@UNIQUE_CHECKS, UNIQUE_CHECKS=0 */;
/*!40014 SET @OLD_FOREIGN_KEY_CHECKS=@@FOREIGN_KEY_CHECKS, FOREIGN_KEY_CHECKS=0 */;
/*!40101 SET @OLD_SQL_MODE=@@SQL_MODE, SQL_MODE='NO_AUTO_VALUE_ON_ZERO' */;
/*!40111 SET @OLD_SQL_NOTES=@@SQL_NOTES, SQL_NOTES=0 */;

--
-- Table structure for table `working_days`
--

DROP TABLE IF EXISTS `working_days`;
/*!40101 SET @saved_cs_client     = @@character_set_client */;
/*!50503 SET character_set_client = utf8mb4 */;
CREATE TABLE `working_days` (
  `number` int(11) NOT NULL AUTO_INCREMENT,
  `personal_number` int(11) NOT NULL,
  `month` int(11) NOT NULL,
  `year` int(11) NOT NULL,
  `wasWorkedDays` int(11) NOT NULL,
  `workingDays` int(11) NOT NULL,
  PRIMARY KEY (`number`),
  KEY `personal_number_idx` (`personal_number`),
  CONSTRAINT `personal_number` FOREIGN KEY (`personal_number`) REFERENCES `personal_account` (`personal_number`) ON DELETE CASCADE ON UPDATE CASCADE
) ENGINE=InnoDB AUTO_INCREMENT=41 DEFAULT CHARSET=utf8mb4 COLLATE=utf8mb4_0900_ai_ci;
/*!40101 SET character_set_client = @saved_cs_client */;

--
-- Dumping data for table `working_days`
--

LOCK TABLES `working_days` WRITE;
/*!40000 ALTER TABLE `working_days` DISABLE KEYS */;
INSERT INTO `working_days` VALUES (14,1,1,2019,20,24),(15,1,2,2019,24,24),(16,1,3,2019,23,24),(17,1,4,2019,21,23),(18,1,5,2019,24,25),(19,1,6,2019,24,24),(20,1,7,2019,25,25),(21,1,8,2019,23,24),(22,1,9,2019,24,24),(24,1,11,2019,24,24),(25,2,9,2019,24,24),(27,2,11,2019,24,24),(35,2,10,2019,20,23),(36,1,10,2019,24,24),(37,1,12,2019,21,23),(40,2,12,2018,31,31);
/*!40000 ALTER TABLE `working_days` ENABLE KEYS */;
UNLOCK TABLES;
/*!40103 SET TIME_ZONE=@OLD_TIME_ZONE */;

/*!40101 SET SQL_MODE=@OLD_SQL_MODE */;
/*!40014 SET FOREIGN_KEY_CHECKS=@OLD_FOREIGN_KEY_CHECKS */;
/*!40014 SET UNIQUE_CHECKS=@OLD_UNIQUE_CHECKS */;
/*!40101 SET CHARACTER_SET_CLIENT=@OLD_CHARACTER_SET_CLIENT */;
/*!40101 SET CHARACTER_SET_RESULTS=@OLD_CHARACTER_SET_RESULTS */;
/*!40101 SET COLLATION_CONNECTION=@OLD_COLLATION_CONNECTION */;
/*!40111 SET SQL_NOTES=@OLD_SQL_NOTES */;

-- Dump completed on 2019-12-08 23:59:51
